Question,Answer
What is the purpose of the activation code provided in the text?,"The activation code is required to register and activate access to an online resource called Expert Consult, which provides digital access to a book or set of books published by Elsevier. By entering the activation code, users can gain online access to the content they have purchased."
What are the key steps outlined in the text for first-time users to access the online resource?,"The key steps for first-time users to access the online resource are:
1. Register by clicking ""Register Now"" at expertconsult.com and filling in user information.
2. Activate the book by scratching off the activation code, entering it into the ""Enter Activation Code"" box, and clicking ""Activate Now"".
3. After activation, the user can click on the title under ""My Titles"" to access the online content."
What are the fundamental concepts and historical background behind nuclear medicine?,"Nuclear medicine is a medical specialty that utilizes radioactive materials for diagnostic and therapeutic purposes. The text provides an overview of the fundamental concepts, highlighting the power of nuclear medicine and its historical development. It traces the origins of nuclear medicine from its early beginnings to its current widespread practice in medical imaging and treatment."
What are the key topics covered in the chapters outlined in the table of contents?,"The table of contents outlines the following key topics:

Chapter 1 introduces the field of nuclear medicine, covering fundamental concepts, its power and applications, historical overview, current practices, and the role of physics in nuclear medicine.

Chapter 2 delves into the basics of atomic and nuclear physics, including quantities and units, radiation, atomic composition and structure, electron binding energies, atomic emissions, nuclear composition, terminology, nuclear families, forces and energy levels within the nucleus, nuclear emissions, nuclear binding energy, and characteristics of stable nuclei.

Chapter 3 discusses the various modes of radioactive decay, such as alpha emission, beta emission, isomeric transition, internal conversion, electron capture, and proton emission. It also covers general concepts related to radioactivity and its relationship with chemistry."
What is the primary purpose of the text?,The primary purpose of the text appears to be to intentionally leave the pages blank.
Can you summarize the key technical details or concepts discussed in the text?,"Unfortunately, the text does not contain any technical details or concepts to summarize. It merely states that the pages were intentionally left blank, without providing any further context or information."
"What is the primary objective of the book ""Physics in Nuclear Medicine"" as stated in the preface?","The primary objective of the book ""Physics in Nuclear Medicine"" is to serve as an introductory text for courses in nuclear medicine training programs, covering the physics and instrumentation of nuclear medicine in sufficient depth to be of permanent value to trainees and students, but not at such depth as to be of interest only to physics or instrumentation specialists."
What are the notable updates and additions in the fourth edition of the book?,"The fourth edition includes many recent advances, particularly in single-photon emission computed tomography (SPECT) and positron emission tomography (PET) imaging. It also includes a new chapter on hybrid imaging techniques that combine the functional and physiologic imaging capabilities of SPECT and PET with the anatomically detailed techniques of computed tomography (CT) and magnetic resonance imaging (MRI), as well as an introduction to CT scanning. Additionally, the fourth edition marks the first use of color illustrations."
"What is the fundamental role of physics in the field of nuclear medicine, and how is it expected to evolve in the future?","The text suggests that while the underlying physics principles of nuclear medicine remain unchanged, the technology for producing radioactive tracers and obtaining images of their distributions is continuously advancing. It is anticipated that major improvements in nuclear medicine technology will stem from the combination of advances in detector and accelerator physics, electronics, signal processing, computer technology, and the foundational physics of nuclear medicine. Physics plays a crucial role in developing methods for accurately quantifying the distribution and kinetics of radioactive tracers within the body."
"What are the key aspects of the book ""Physics in Nuclear Medicine"" that the text highlights?","The text provides bibliographic details about the book ""Physics in Nuclear Medicine"" by Simon R. Cherry, James A. Sorenson, and Michael E. Phelps. It mentions the book's title, edition (4th edition), ISBN number (978-1-4160-5198-5), copyright information (2012, 2003, 1987, 1980 by Saunders, an imprint of Elsevier Inc.), and Library of Congress cataloging data. The text also states that the book includes bibliographical references and an index."
What is the primary purpose of the notice provided in the text regarding knowledge and best practices?,"The notice highlights that knowledge and best practices in the field are constantly evolving, and practitioners should refer to the most current information and guidelines from manufacturers to ensure accurate dosages, administration methods, and safety precautions when administering medical treatments."
What does the text mention about the responsibility of practitioners when using the information provided?,"The text explicitly states that it is the responsibility of practitioners, relying on their own experience and knowledge of their patients, to make diagnoses, determine dosages and the best treatment for each individual patient, and take all appropriate safety precautions. The practitioners are advised to use their professional judgment and not solely rely on the information provided in the book."
"What is the primary role and importance of physics in the field of nuclear medicine, as discussed in the given text?","According to the text, physics plays a crucial role in driving advancements and improvements in nuclear medicine technology. The text states that major improvements in nuclear medicine technology will continue to come from combining advances in various fields, such as detector and accelerator physics, electronics, signal processing, and computer technology, with the underlying physics of nuclear medicine. This highlights the significance of physics in enabling the development of new methods and techniques for accurately producing radioactive tracers and obtaining images of their distributions within the body."
"What is the primary purpose and focus of the book mentioned in the text, ""Physics in Nuclear Medicine""?","The text suggests that the book ""Physics in Nuclear Medicine"" aims to provide a comprehensive understanding of the physics principles and concepts underlying nuclear medicine techniques and technologies. The book likely covers topics such as the production and detection of radioactive tracers, imaging modalities like PET and SPECT, signal processing methods, and the integration of physics with medical applications. Its goal appears to be equipping readers with a solid foundation in the physics aspects that drive advancements and enable accurate diagnosis and treatment in the field of nuclear medicine."
What is the central subject matter covered in this text?,"This text appears to be the front matter or copyright information from a book titled ""Physics in Nuclear Medicine"" published by Saunders, an imprint of Elsevier Inc. It provides details about the book's copyright, publication history, and legal disclaimers regarding the use of the information contained within."
What are the key legal considerations or disclaimers mentioned in the text?,"The text mentions that the book and its individual contributions are protected under copyright by the publisher. It also includes a disclaimer stating that the knowledge and best practices described in the book may change as new research and experience broaden understanding, and readers are advised to verify the recommended procedures, dosages, and safety precautions with the most current information provided by manufacturers or through their own professional experience and judgment."
"What is the primary objective of this book, and who is the intended audience?","The primary objective of this book is to provide an introductory text on the physics and instrumentation of nuclear medicine, covering the subject in sufficient depth to be of permanent value to trainees or students, but not at such a level that would only interest physics or instrumentation specialists. The intended audience includes physicians, technologists, and scientists who desire to become specialists in nuclear medicine and molecular imaging, as well as a reference source for physicians, scientists, and engineers in related fields."
What are the significant updates and new additions in the fourth edition of the book?,"The fourth edition includes many recent advances, particularly in single-photon emission computed tomography (SPECT) and positron emission tomography (PET) imaging. Additionally, a new chapter is included on hybrid imaging techniques that combine the functional and physiologic imaging capabilities of SPECT and PET with the anatomically detailed techniques of computed tomography (CT) and magnetic resonance imaging (MRI). An introduction to CT scanning is also included in the new chapter. Furthermore, the fourth edition marks the first use of color illustrations, which aims to improve clarity and cosmetic appeal."
"What is the primary objective of the book ""Physics in Nuclear Medicine"" as stated in the preface?","The primary objective of the book ""Physics in Nuclear Medicine"" is to provide an introductory text for courses on the physics and instrumentation of nuclear medicine, covering these topics in sufficient depth to be of permanent value to trainees and students, but not at such a level that would only be of interest to physics or instrumentation specialists."
What are some of the notable updates and additions in the fourth edition of the book?,"The fourth edition includes recent advances, particularly in single-photon emission computed tomography (SPECT) and positron emission tomography (PET) imaging. It also includes a new chapter on hybrid imaging techniques that combine the functional and physiologic imaging capabilities of SPECT and PET with the anatomically detailed techniques of computed tomography (CT) and magnetic resonance imaging (MRI). Additionally, an introduction to CT scanning is included in the new chapter. Furthermore, this edition marks the first use of color illustrations, which aims to improve clarity and cosmetic appeal."
